{
  "id": "artificer-mortis-engineer",
  "title": "Artificer - Mortis Engineer",
  "description": "Artificer subclass for Foundry VTT, compatible with Steinhardt's Guide to the Eldritch Hunt. Credit and ownership goes to MonkeyDM.",
  "version": "1.0.0",
  "compatibility": {
    "minimum": "11",
    "verified": "12"
  },
  "relationships": {
    "requires": [
      {
        "id": "sgeh-monkeydm",
        "type": "module",
        "compatibility": {}
      }
    ]
  },
  "authors": [
    {
      "name": "Triple_M",
      "discord": "triple_m.",
      "flags": {}
    }
  ],
  "readme": "README.md",
	"license": "UNLICENSED",
  "url": "https://github.com/marioo217/artificer-mortis-engineer",
  "manifest": "https://raw.githubusercontent.com/marioo217/artificer-mortis-engineer/main/module.json",
  "download": "https://github.com/marioo217/artificer-mortis-engineer/raw/main/artificer-mortis-engineer.zip",
  "packs": [
    {
      "name": "artificer-mortis-engineer",
      "label": "Artificer - Mortis Engineer",
      "path": "packs/artificer-mortis-engineer",
      "type": "Item",
      "ownership": {
        "PLAYER": "OBSERVER",
        "ASSISTANT": "OWNER"
      },
      "system": "dnd5e",
      "flags": {}
    }
  ]
}